ID,Day Number,Week ID,Week Number,Focus,Scheduled Date,Notes
1,1,1,1,Decode Ohm's/Kirchhoff laws with AI co-pilots,2026-01-12,Focus: Decode Ohm's/Kirchhoff laws with AI co-pilots
2,2,1,1,Decode Ohm's/Kirchhoff laws with AI co-pilots,2026-01-13,"Focus: Decode Ohm's/Kirchhoff laws with AI co-pilots, Component characterization lab"
3,3,1,1,Component characterization lab,2026-01-14,"Focus: Component characterization lab, Instrumentation setup & lab hygiene"
4,4,1,1,Instrumentation setup & lab hygiene,2026-01-15,Focus: Instrumentation setup & lab hygiene
5,5,1,1,Deep work,2026-01-16,Focus: Deep work
6,6,1,1,"Integration, reflection, portfolio updates",2026-01-19,"Consolidate notes, update demos, plan next sprint."
7,7,1,1,Rest & recharge,2026-01-20,"No scheduled work. Prioritize health, family, and hobbies."
8,1,2,2,Wokwi simulation marathon,2026-01-20,Focus: Wokwi simulation marathon
9,2,2,2,Wokwi simulation marathon,2026-01-21,"Focus: Wokwi simulation marathon, Power-supply troubleshooting drills"
10,3,2,2,Power-supply troubleshooting drills,2026-01-22,Focus: Power-supply troubleshooting drills
11,4,2,2,Weekly review & debugging retro,2026-01-23,Focus: Weekly review & debugging retro
12,5,2,2,Deep work,2026-01-26,Focus: Deep work
13,6,2,2,"Integration, reflection, portfolio updates",2026-01-27,"Consolidate notes, update demos, plan next sprint."
14,7,2,2,Rest & recharge,2026-01-28,"No scheduled work. Prioritize health, family, and hobbies."
15,1,3,3,Truth tables → Logisim simulations,2026-01-28,Focus: Truth tables → Logisim simulations
16,2,3,3,Truth tables → Logisim simulations,2026-01-29,"Focus: Truth tables → Logisim simulations, FSM practice in C"
17,3,3,3,FSM practice in C,2026-01-30,"Focus: FSM practice in C, Signal integrity primer"
18,4,3,3,Signal integrity primer,2026-02-02,Focus: Signal integrity primer
19,5,3,3,Deep work,2026-02-03,Focus: Deep work
20,6,3,3,"Integration, reflection, portfolio updates",2026-02-04,"Consolidate notes, update demos, plan next sprint."
21,7,3,3,Rest & recharge,2026-02-05,"No scheduled work. Prioritize health, family, and hobbies."
22,1,4,4,Pipeline & memory map explorations,2026-02-05,Focus: Pipeline & memory map explorations
23,2,4,4,Pipeline & memory map explorations,2026-02-06,"Focus: Pipeline & memory map explorations, Toolchain and debugger drills"
24,3,4,4,Toolchain and debugger drills,2026-02-09,"Focus: Toolchain and debugger drills, Dual-boot workstation optimization"
25,4,4,4,Dual-boot workstation optimization,2026-02-10,Focus: Dual-boot workstation optimization
26,5,4,4,Deep work,2026-02-11,Focus: Deep work
27,6,4,4,"Integration, reflection, portfolio updates",2026-02-12,"Consolidate notes, update demos, plan next sprint."
28,7,4,4,Rest & recharge,2026-02-13,"No scheduled work. Prioritize health, family, and hobbies."
29,1,5,5,Daily syntax/code-drill block,2026-02-13,Focus: Daily syntax/code-drill block
30,2,5,5,Daily syntax/code-drill block,2026-02-16,"Focus: Daily syntax/code-drill block, HackerRank C streak"
31,3,5,5,HackerRank C streak,2026-02-17,"Focus: HackerRank C streak, Notion knowledge template build-out"
32,4,5,5,Notion knowledge template build-out,2026-02-18,Focus: Notion knowledge template build-out
33,5,5,5,Deep work,2026-02-19,Focus: Deep work
34,6,5,5,"Integration, reflection, portfolio updates",2026-02-20,"Consolidate notes, update demos, plan next sprint."
35,7,5,5,Rest & recharge,2026-02-23,"No scheduled work. Prioritize health, family, and hobbies."
36,1,6,6,Pointer gym & allocator simulator,2026-02-23,Focus: Pointer gym & allocator simulator
37,2,6,6,Pointer gym & allocator simulator,2026-02-24,"Focus: Pointer gym & allocator simulator, Bit manipulation + register maps"
38,3,6,6,Bit manipulation + register maps,2026-02-25,"Focus: Bit manipulation + register maps, ISR basics & latency drills"
39,4,6,6,ISR basics & latency drills,2026-02-26,Focus: ISR basics & latency drills
40,5,6,6,Deep work,2026-02-27,Focus: Deep work
41,6,6,6,"Integration, reflection, portfolio updates",2026-03-02,"Consolidate notes, update demos, plan next sprint."
42,7,6,6,Rest & recharge,2026-03-03,"No scheduled work. Prioritize health, family, and hobbies."
43,1,8,9,Bit-banged UART and baud calculators,2026-03-11,Focus: Bit-banged UART and baud calculators
44,2,8,9,Bit-banged UART and baud calculators,2026-03-12,"Focus: Bit-banged UART and baud calculators, I2C/SPI lab book"
45,3,8,9,I2C/SPI lab book,2026-03-13,"Focus: I2C/SPI lab book, Protocol troubleshooting checklist"
46,4,8,9,Protocol troubleshooting checklist,2026-03-16,Focus: Protocol troubleshooting checklist
47,5,8,9,Deep work,2026-03-17,Focus: Deep work
48,6,8,9,"Integration, reflection, portfolio updates",2026-03-18,"Consolidate notes, update demos, plan next sprint."
49,7,8,9,Rest & recharge,2026-03-19,"No scheduled work. Prioritize health, family, and hobbies."
50,1,9,10,DMA Fundamentals & Bit-banged UART showcase,2026-03-19,Focus: Bit-banged UART showcase
51,2,9,10,Foundation retrospective & metrics,2026-03-20,Focus: Foundation retrospective & metrics
52,3,9,10,Phase artifact polish,2026-03-23,Focus: Phase artifact polish
53,4,9,10,Deep work,2026-03-24,Focus: Deep work
54,5,9,10,Deep work,2026-03-25,Focus: Deep work
55,6,9,10,"Integration, reflection, portfolio updates",2026-03-26,"Consolidate notes, update demos, plan next sprint."
56,7,9,10,Rest & recharge,2026-03-27,"No scheduled work. Prioritize health, family, and hobbies."
57,1,10,11,Sleep state orchestration,2026-03-27,Focus: Sleep state orchestration
58,2,10,11,Sleep state orchestration,2026-03-30,"Focus: Sleep state orchestration, Dynamic frequency scaling experiments"
59,3,10,11,Dynamic frequency scaling experiments,2026-03-31,"Focus: Dynamic frequency scaling experiments, Energy profiling automation"
60,4,10,11,Energy profiling automation,2026-04-01,Focus: Energy profiling automation
61,5,10,11,Deep work,2026-04-02,Focus: Deep work
62,6,10,11,"Integration, reflection, portfolio updates",2026-04-03,"Consolidate notes, update demos, plan next sprint."
63,7,10,11,Rest & recharge,2026-04-06,"No scheduled work. Prioritize health, family, and hobbies."
64,1,11,12,Blueprint dual-bank bootloader,2026-04-06,Focus: Blueprint dual-bank bootloader
65,2,11,12,Blueprint dual-bank bootloader,2026-04-07,"Focus: Blueprint dual-bank bootloader, Cryptographic primitives integration"
66,3,11,12,Cryptographic primitives integration,2026-04-08,"Focus: Cryptographic primitives integration, FOTA staging pipeline"
67,4,11,12,FOTA staging pipeline,2026-04-09,Focus: FOTA staging pipeline
68,5,11,12,Deep work,2026-04-10,Focus: Deep work
69,6,11,12,"Integration, reflection, portfolio updates",2026-04-13,"Consolidate notes, update demos, plan next sprint."
70,7,11,12,Rest & recharge,2026-04-14,"No scheduled work. Prioritize health, family, and hobbies."
71,1,12,13,Docker firmware build environment setup,2026-04-14,Focus: Docker firmware build environment setup
72,2,12,13,Docker firmware build environment setup,2026-04-15,"Focus: Docker firmware build environment setup, Multi-stage Docker builds for firmware"
73,3,12,13,Multi-stage Docker builds for firmware,2026-04-16,"Focus: Multi-stage Docker builds for firmware, Host-based simulation harness"
74,4,12,13,Host-based simulation harness,2026-04-17,"Focus: Host-based simulation harness, GitHub Actions CI with containerized builds"
75,5,12,13,GitHub Actions CI with containerized builds,2026-04-20,Focus: GitHub Actions CI with containerized builds
76,6,12,13,"Integration, reflection, portfolio updates",2026-04-21,"Consolidate notes, update demos, plan next sprint."
77,7,12,13,Rest & recharge,2026-04-22,"No scheduled work. Prioritize health, family, and hobbies."
78,1,13,14,Failure Mode and Effects Analysis (FMEA),2026-04-22,Focus: Failure Mode and Effects Analysis (FMEA)
79,2,13,14,Failure Mode and Effects Analysis (FMEA),2026-04-23,"Focus: Failure Mode and Effects Analysis (FMEA), Watchdog strategy consolidation"
80,3,13,14,Watchdog strategy consolidation,2026-04-24,"Focus: Watchdog strategy consolidation, Brownout & EMI resilience"
81,4,13,14,Brownout & EMI resilience,2026-04-27,Focus: Brownout & EMI resilience
82,5,13,14,Deep work,2026-04-28,Focus: Deep work
83,6,13,14,"Integration, reflection, portfolio updates",2026-04-29,"Consolidate notes, update demos, plan next sprint."
84,7,13,14,Rest & recharge,2026-04-30,"No scheduled work. Prioritize health, family, and hobbies."
85,1,14,15,Refactor showcase firmware,2026-04-30,Focus: Refactor showcase firmware
86,2,14,15,Refactor showcase firmware,2026-05-01,"Focus: Refactor showcase firmware, Case study write-up"
87,3,14,15,Case study write-up,2026-05-04,"Focus: Case study write-up, Phase retrospective & backlog grooming"
88,4,14,15,Phase retrospective & backlog grooming,2026-05-05,Focus: Phase retrospective & backlog grooming
89,5,14,15,Deep work,2026-05-06,Focus: Deep work
90,6,14,15,"Integration, reflection, portfolio updates",2026-05-07,"Consolidate notes, update demos, plan next sprint."
91,7,14,15,Rest & recharge,2026-05-08,"No scheduled work. Prioritize health, family, and hobbies."
92,1,15,16,Custom Zephyr board definition,2026-05-08,Focus: Custom Zephyr board definition
93,2,15,16,Custom Zephyr board definition,2026-05-11,"Focus: Custom Zephyr board definition, Kernel services tour"
94,3,15,16,Kernel services tour,2026-05-12,Focus: Kernel services tour
95,4,15,16,West build automation,2026-05-13,Focus: West build automation
96,5,15,16,Deep work,2026-05-14,Focus: Deep work
97,6,15,16,"Integration, reflection, portfolio updates",2026-05-15,"Consolidate notes, update demos, plan next sprint."
98,7,15,16,Rest & recharge,2026-05-18,"No scheduled work. Prioritize health, family, and hobbies."
99,1,17,18,Latency budgeting & rate-monotonic analysis,2026-05-26,Focus: Latency budgeting & rate-monotonic analysis
100,2,17,18,Latency budgeting & rate-monotonic analysis,2026-05-27,"Focus: Latency budgeting & rate-monotonic analysis, Time-triggered executor"
101,3,17,18,Time-triggered executor,2026-05-28,"Focus: Time-triggered executor, Tracing & visualization"
102,4,17,18,Tracing & visualization,2026-05-29,Focus: Tracing & visualization
103,5,17,18,Deep work,2026-06-01,Focus: Deep work
104,6,17,18,"Integration, reflection, portfolio updates",2026-06-02,"Consolidate notes, update demos, plan next sprint."
105,7,17,18,Rest & recharge,2026-06-03,"No scheduled work. Prioritize health, family, and hobbies."
106,1,18,19,Chained DMA transfers,2026-06-03,Focus: Chained DMA transfers
107,2,18,19,Chained DMA transfers,2026-06-04,"Focus: Chained DMA transfers, Zero-copy sensor framework"
108,3,18,19,Zero-copy sensor framework,2026-06-05,"Focus: Zero-copy sensor framework, Driver fatigue tests"
109,4,18,19,Driver fatigue tests,2026-06-08,Focus: Driver fatigue tests
110,5,18,19,Deep work,2026-06-09,Focus: Deep work
111,6,18,19,"Integration, reflection, portfolio updates",2026-06-10,"Consolidate notes, update demos, plan next sprint."
112,7,18,19,Rest & recharge,2026-06-11,"No scheduled work. Prioritize health, family, and hobbies."
113,1,19,20,CAN physical layer deep-dive,2026-06-11,Focus: CAN physical layer deep-dive
114,2,19,20,CAN physical layer deep-dive,2026-06-12,"Focus: CAN physical layer deep-dive, LIN slave implementation"
115,3,19,20,LIN slave implementation,2026-06-15,"Focus: LIN slave implementation, LIN schedule table manager"
116,4,19,20,LIN schedule table manager,2026-06-16,"Focus: LIN schedule table manager, CAN/LIN gateway prototype"
117,5,19,20,CAN/LIN gateway prototype,2026-06-17,Focus: CAN/LIN gateway prototype
118,6,19,20,"Integration, reflection, portfolio updates",2026-06-18,"Consolidate notes, update demos, plan next sprint."
119,7,19,20,Rest & recharge,2026-06-19,"No scheduled work. Prioritize health, family, and hobbies."
120,1,20,21,ISO-TP (ISO 15765-2) implementation,2026-06-19,Focus: ISO-TP (ISO 15765-2) implementation
121,2,20,21,ISO-TP (ISO 15765-2) implementation,2026-06-22,"Focus: ISO-TP (ISO 15765-2) implementation, UDS (ISO 14229) diagnostics server"
122,3,20,21,UDS (ISO 14229) diagnostics server,2026-06-23,Focus: UDS (ISO 14229) diagnostics server
123,4,20,21,UDS diagnostics client/CLI tool,2026-06-24,Focus: UDS diagnostics client/CLI tool
124,5,20,21,CAN/UDS network simulation,2026-06-25,Focus: CAN/UDS network simulation
125,6,20,21,"Integration, reflection, portfolio updates",2026-06-26,"Consolidate notes, update demos, plan next sprint."
126,7,20,21,Rest & recharge,2026-06-29,"No scheduled work. Prioritize health, family, and hobbies."
127,1,21,22,SiFive/HiFive board definition,2026-06-29,Focus: SiFive/HiFive board definition
128,2,21,22,SiFive/HiFive board definition,2026-06-30,"Focus: SiFive/HiFive board definition, Open toolchain & debug pipeline"
129,3,21,22,Open toolchain & debug pipeline,2026-07-01,"Focus: Open toolchain & debug pipeline, Performance counters & tracing"
130,4,21,22,Performance counters & tracing,2026-07-02,Focus: Performance counters & tracing
131,5,21,22,Deep work,2026-07-03,Focus: Deep work
132,6,21,22,"Integration, reflection, portfolio updates",2026-07-06,"Consolidate notes, update demos, plan next sprint."
133,7,21,22,Rest & recharge,2026-07-07,"No scheduled work. Prioritize health, family, and hobbies."
134,1,22,23,ESP32-C3 dual-stack firmware,2026-07-07,Focus: ESP32-C3 dual-stack firmware
135,2,22,23,ESP32-C3 dual-stack firmware,2026-07-08,"Focus: ESP32-C3 dual-stack firmware, lwIP TCP/IP stack deep-dive"
136,3,22,23,lwIP TCP/IP stack deep-dive,2026-07-09,Focus: lwIP TCP/IP stack deep-dive
137,4,22,23,Wireshark packet capture & analysis,2026-07-10,Focus: Wireshark packet capture & analysis
138,5,22,23,Wireshark packet capture & analysis,2026-07-13,"Focus: Wireshark packet capture & analysis, Custom protocol debugging with Wireshark"
139,6,22,23,"Integration, reflection, portfolio updates",2026-07-14,"Consolidate notes, update demos, plan next sprint."
140,7,22,23,Rest & recharge,2026-07-15,"No scheduled work. Prioritize health, family, and hobbies."
141,1,23,24,TLS stack integration,2026-07-15,Focus: TLS stack integration
142,2,23,24,TLS stack integration,2026-07-16,"Focus: TLS stack integration, Secure credential provisioning"
143,3,23,24,Secure credential provisioning,2026-07-17,Focus: Secure credential provisioning
144,4,23,24,Pen test & threat modeling,2026-07-20,Focus: Pen test & threat modeling
145,5,23,24,Pen test & threat modeling,2026-07-21,Focus: Pen test & threat modeling
146,6,23,24,"Integration, reflection, portfolio updates",2026-07-22,"Consolidate notes, update demos, plan next sprint."
147,7,23,24,Rest & recharge,2026-07-23,"No scheduled work. Prioritize health, family, and hobbies."
148,1,24,25,Update orchestration server,2026-07-23,Focus: Update orchestration server
149,2,24,25,Update orchestration server,2026-07-24,"Focus: Update orchestration server, Progressive rollout automation"
150,3,24,25,Progressive rollout automation,2026-07-27,Focus: Progressive rollout automation
151,4,24,25,Device health telemetry,2026-07-28,Focus: Device health telemetry
152,5,24,25,Deep work,2026-07-29,Focus: Deep work
153,6,24,25,"Integration, reflection, portfolio updates",2026-07-30,"Consolidate notes, update demos, plan next sprint."
154,7,24,25,Rest & recharge,2026-07-31,"No scheduled work. Prioritize health, family, and hobbies."
155,1,26,27,Filesystem resilience,2026-08-10,Focus: Filesystem resilience
156,2,26,27,Filesystem resilience,2026-08-11,"Focus: Filesystem resilience, Structured telemetry encoding"
157,3,26,27,Structured telemetry encoding,2026-08-12,"Focus: Structured telemetry encoding, Edge analytics groundwork"
158,4,26,27,Edge analytics groundwork,2026-08-13,Focus: Edge analytics groundwork
159,5,26,27,Deep work,2026-08-14,Focus: Deep work
160,6,26,27,"Integration, reflection, portfolio updates",2026-08-17,"Consolidate notes, update demos, plan next sprint."
161,7,26,27,Rest & recharge,2026-08-18,"No scheduled work. Prioritize health, family, and hobbies."
162,1,27,28,Unified logging schema,2026-08-18,Focus: Unified logging schema
163,2,27,28,Unified logging schema,2026-08-19,"Focus: Unified logging schema, Crash dump & corefile export"
164,3,27,28,Crash dump & corefile export,2026-08-20,"Focus: Crash dump & corefile export, Remote debug toolkit"
165,4,27,28,Remote debug toolkit,2026-08-21,Focus: Remote debug toolkit
166,5,27,28,Deep work,2026-08-24,Focus: Deep work
167,6,27,28,"Integration, reflection, portfolio updates",2026-08-25,"Consolidate notes, update demos, plan next sprint."
168,7,27,28,Rest & recharge,2026-08-26,"No scheduled work. Prioritize health, family, and hobbies."
169,1,28,29,Linux gateway handshake,2026-08-26,Focus: Linux gateway handshake
170,2,28,29,Linux gateway handshake,2026-08-27,"Focus: Linux gateway handshake, Edge containerization"
171,3,28,29,Edge containerization,2026-08-28,"Focus: Edge containerization, Secure gateway firmware channel"
172,4,28,29,Secure gateway firmware channel,2026-08-31,Focus: Secure gateway firmware channel
173,5,28,29,Deep work,2026-09-01,Focus: Deep work
174,6,28,29,"Integration, reflection, portfolio updates",2026-09-02,"Consolidate notes, update demos, plan next sprint."
175,7,28,29,Rest & recharge,2026-09-03,"No scheduled work. Prioritize health, family, and hobbies."
176,1,29,30,Static partitioning prototype,2026-09-03,Focus: Static partitioning prototype
177,2,29,30,Static partitioning prototype,2026-09-04,"Focus: Static partitioning prototype, Hypervisor evaluation"
178,3,29,30,Hypervisor evaluation,2026-09-07,"Focus: Hypervisor evaluation, Safety case scaffolding"
179,4,29,30,Safety case scaffolding,2026-09-08,Focus: Safety case scaffolding
180,5,29,30,Deep work,2026-09-09,Focus: Deep work
181,6,29,30,"Integration, reflection, portfolio updates",2026-09-10,"Consolidate notes, update demos, plan next sprint."
182,7,29,30,Rest & recharge,2026-09-11,"No scheduled work. Prioritize health, family, and hobbies."
183,1,30,31,End-to-end integration demo,2026-09-11,Focus: End-to-end integration demo
184,2,30,31,End-to-end integration demo,2026-09-14,"Focus: End-to-end integration demo, Documentation sprint"
185,3,30,31,Documentation sprint,2026-09-15,"Focus: Documentation sprint, Midterm skills assessment"
186,4,30,31,Midterm skills assessment,2026-09-16,Focus: Midterm skills assessment
187,5,30,31,Deep work,2026-09-17,Focus: Deep work
188,6,30,31,"Integration, reflection, portfolio updates",2026-09-18,"Consolidate notes, update demos, plan next sprint."
189,7,30,31,Rest & recharge,2026-09-21,"No scheduled work. Prioritize health, family, and hobbies."
190,1,31,32,Dataset curation & labeling,2026-09-21,Focus: Dataset curation & labeling
191,2,31,32,Dataset curation & labeling,2026-09-22,"Focus: Dataset curation & labeling, Model prototyping"
192,3,31,32,Model prototyping,2026-09-23,"Focus: Model prototyping, TFLite Micro deployment"
193,4,31,32,TFLite Micro deployment,2026-09-24,Focus: TFLite Micro deployment
194,5,31,32,Deep work,2026-09-25,Focus: Deep work
195,6,31,32,"Integration, reflection, portfolio updates",2026-09-28,"Consolidate notes, update demos, plan next sprint."
196,7,31,32,Rest & recharge,2026-09-29,"No scheduled work. Prioritize health, family, and hobbies."
197,1,32,33,Quantization-aware training,2026-09-29,Focus: Quantization-aware training
198,2,32,33,Quantization-aware training,2026-09-30,"Focus: Quantization-aware training, Operator fusion & optimization"
199,3,32,33,Operator fusion & optimization,2026-10-01,"Focus: Operator fusion & optimization, Benchmark harness"
200,4,32,33,Benchmark harness,2026-10-02,Focus: Benchmark harness
201,5,32,33,Deep work,2026-10-05,Focus: Deep work
202,6,32,33,"Integration, reflection, portfolio updates",2026-10-06,"Consolidate notes, update demos, plan next sprint."
203,7,32,33,Rest & recharge,2026-10-07,"No scheduled work. Prioritize health, family, and hobbies."
204,1,33,34,Feature engineering,2026-10-07,Focus: Feature engineering
205,2,33,34,Feature engineering,2026-10-08,"Focus: Feature engineering, Adaptive filtering"
206,3,33,34,Adaptive filtering,2026-10-09,"Focus: Adaptive filtering, On-device learning experiments"
207,4,33,34,On-device learning experiments,2026-10-12,Focus: On-device learning experiments
208,5,33,34,Deep work,2026-10-13,Focus: Deep work
209,6,33,34,"Integration, reflection, portfolio updates",2026-10-14,"Consolidate notes, update demos, plan next sprint."
210,7,33,34,Rest & recharge,2026-10-15,"No scheduled work. Prioritize health, family, and hobbies."
211,1,35,38,Camera interface bring-up,2026-11-10,Focus: Camera interface bring-up
212,2,35,38,Camera interface bring-up,2026-11-11,"Focus: Camera interface bring-up, Model selection"
213,3,35,38,Model selection,2026-11-12,"Focus: Model selection, Pipeline optimization"
214,4,35,38,Pipeline optimization,2026-11-13,Focus: Pipeline optimization
215,5,35,38,Deep work,2026-11-16,Focus: Deep work
216,6,35,38,"Integration, reflection, portfolio updates",2026-11-17,"Consolidate notes, update demos, plan next sprint."
217,7,35,38,Rest & recharge,2026-11-18,"No scheduled work. Prioritize health, family, and hobbies."
218,1,36,39,Safety plan creation,2026-11-18,Focus: Safety plan creation
219,2,36,39,Safety plan creation,2026-11-19,"Focus: Safety plan creation, Software safety requirements"
220,3,36,39,Software safety requirements,2026-11-20,"Focus: Software safety requirements, Verification planning"
221,4,36,39,Verification planning,2026-11-23,Focus: Verification planning
222,5,36,39,Deep work,2026-11-24,Focus: Deep work
223,6,36,39,"Integration, reflection, portfolio updates",2026-11-25,"Consolidate notes, update demos, plan next sprint."
224,7,36,39,Rest & recharge,2026-11-26,"No scheduled work. Prioritize health, family, and hobbies."
225,1,37,40,Diagnostic coverage calculations,2026-11-26,Focus: Diagnostic coverage calculations
226,2,37,40,Diagnostic coverage calculations,2026-11-27,"Focus: Diagnostic coverage calculations, Redundant monitoring"
227,3,37,40,Redundant monitoring,2026-11-30,"Focus: Redundant monitoring, Fault injection campaign"
228,4,37,40,Fault injection campaign,2026-12-01,Focus: Fault injection campaign
229,5,37,40,Deep work,2026-12-02,Focus: Deep work
230,6,37,40,"Integration, reflection, portfolio updates",2026-12-03,"Consolidate notes, update demos, plan next sprint."
231,7,37,40,Rest & recharge,2026-12-04,"No scheduled work. Prioritize health, family, and hobbies."
232,1,38,41,AOSP vehicle HAL customization,2026-12-04,Focus: AOSP vehicle HAL customization
233,2,38,41,AOSP vehicle HAL customization,2026-12-07,"Focus: AOSP vehicle HAL customization, Android/MCU integration harness"
234,3,38,41,Android/MCU integration harness,2026-12-08,"Focus: Android/MCU integration harness, SBOM & vulnerability automation"
235,4,38,41,SBOM & vulnerability automation,2026-12-09,Focus: SBOM & vulnerability automation
236,5,38,41,Deep work,2026-12-10,Focus: Deep work
237,6,38,41,"Integration, reflection, portfolio updates",2026-12-11,"Consolidate notes, update demos, plan next sprint."
238,7,38,41,Rest & recharge,2026-12-14,"No scheduled work. Prioritize health, family, and hobbies."
239,1,39,42,Test fixture design,2026-12-14,Focus: Test fixture design
240,2,39,42,Test fixture design,2026-12-15,"Focus: Test fixture design, Manufacturing test scripts"
241,3,39,42,Manufacturing test scripts,2026-12-16,"Focus: Manufacturing test scripts, DFM review"
242,4,39,42,DFM review,2026-12-17,Focus: DFM review
243,5,39,42,Deep work,2026-12-18,Focus: Deep work
244,6,39,42,"Integration, reflection, portfolio updates",2026-12-21,"Consolidate notes, update demos, plan next sprint."
245,7,39,42,Rest & recharge,2026-12-22,"No scheduled work. Prioritize health, family, and hobbies."
246,1,40,43,Schematic review blitz,2026-12-22,Focus: Schematic review blitz
247,2,40,43,Schematic review blitz,2026-12-23,"Focus: Schematic review blitz, PCB layout validation"
248,3,40,43,PCB layout validation,2026-12-24,"Focus: PCB layout validation, Compliance gap analysis"
249,4,40,43,Compliance gap analysis,2026-12-25,Focus: Compliance gap analysis
250,5,40,43,Deep work,2026-12-28,Focus: Deep work
251,6,40,43,"Integration, reflection, portfolio updates",2026-12-29,"Consolidate notes, update demos, plan next sprint."
252,7,40,43,Rest & recharge,2026-12-30,"No scheduled work. Prioritize health, family, and hobbies."
253,1,41,44,HALT/HASS planning,2026-12-30,Focus: HALT/HASS planning
254,2,41,44,HALT/HASS planning,2026-12-31,"Focus: HALT/HASS planning, Environmental testing"
255,3,41,44,Environmental testing,2027-01-01,"Focus: Environmental testing, Reliability statistics"
256,4,41,44,Reliability statistics,2027-01-04,Focus: Reliability statistics
257,5,41,44,Deep work,2027-01-05,Focus: Deep work
258,6,41,44,"Integration, reflection, portfolio updates",2027-01-06,"Consolidate notes, update demos, plan next sprint."
259,7,41,44,Rest & recharge,2027-01-07,"No scheduled work. Prioritize health, family, and hobbies."
260,1,42,46,Component risk assessment,2027-01-15,Focus: Component risk assessment
261,2,42,46,Lifecycle management playbook,2027-01-18,Focus: Lifecycle management playbook
262,3,42,46,Manufacturing data flows,2027-01-19,Focus: Manufacturing data flows
263,4,42,46,Deep work,2027-01-20,Focus: Deep work
264,5,42,46,Deep work,2027-01-21,Focus: Deep work
265,6,42,46,"Integration, reflection, portfolio updates",2027-01-22,"Consolidate notes, update demos, plan next sprint."
266,7,42,46,Rest & recharge,2027-01-25,"No scheduled work. Prioritize health, family, and hobbies."
267,1,44,48,Regulatory landscape mapping,2027-02-02,Focus: Regulatory landscape mapping
268,2,44,48,Technical file compilation,2027-02-03,Focus: Technical file compilation
269,3,44,48,Technical file compilation,2027-02-04,"Focus: Technical file compilation, Pre-certification lab coordination"
270,4,44,48,Pre-certification lab coordination,2027-02-05,Focus: Pre-certification lab coordination
271,5,44,48,Deep work,2027-02-08,Focus: Deep work
272,6,44,48,"Integration, reflection, portfolio updates",2027-02-09,"Consolidate notes, update demos, plan next sprint."
273,7,44,48,Rest & recharge,2027-02-10,"No scheduled work. Prioritize health, family, and hobbies."
274,1,45,53,Intelligent firmware showcase,2027-03-16,Focus: Intelligent firmware showcase
275,2,45,53,Intelligent firmware showcase,2027-03-17,"Focus: Intelligent firmware showcase, Certification dossier review"
276,3,45,53,Certification dossier review,2027-03-18,"Focus: Certification dossier review, Phase retrospective & backlog refresh"
277,4,45,53,Phase retrospective & backlog refresh,2027-03-19,Focus: Phase retrospective & backlog refresh
278,5,45,53,Deep work,2027-03-22,Focus: Deep work
279,6,45,53,"Integration, reflection, portfolio updates",2027-03-23,"Consolidate notes, update demos, plan next sprint."
280,7,45,53,Rest & recharge,2027-03-24,"No scheduled work. Prioritize health, family, and hobbies."
281,1,46,54,Voice-of-customer synthesis,2027-03-24,Focus: Voice-of-customer synthesis
282,2,46,54,Voice-of-customer synthesis,2027-03-25,"Focus: Voice-of-customer synthesis, Productization backlog grooming"
283,3,46,54,Productization backlog grooming,2027-03-26,"Focus: Productization backlog grooming, Experience journey mapping"
284,4,46,54,Experience journey mapping,2027-03-29,Focus: Experience journey mapping
285,5,46,54,Deep work,2027-03-30,Focus: Deep work
286,6,46,54,"Integration, reflection, portfolio updates",2027-03-31,"Consolidate notes, update demos, plan next sprint."
287,7,46,54,Rest & recharge,2027-04-01,"No scheduled work. Prioritize health, family, and hobbies."
288,1,47,55,Qt/Qt Quick HMI enhancements,2027-04-01,Focus: Qt/Qt Quick HMI enhancements
289,2,47,55,Qt/Qt Quick HMI enhancements,2027-04-02,"Focus: Qt/Qt Quick HMI enhancements, UX validation"
290,3,47,55,UX validation,2027-04-05,"Focus: UX validation, UI performance optimization"
291,4,47,55,UI performance optimization,2027-04-06,Focus: UI performance optimization
292,5,47,55,Deep work,2027-04-07,Focus: Deep work
293,6,47,55,"Integration, reflection, portfolio updates",2027-04-08,"Consolidate notes, update demos, plan next sprint."
294,7,47,55,Rest & recharge,2027-04-09,"No scheduled work. Prioritize health, family, and hobbies."
295,1,48,56,Model performance & drift monitoring,2027-04-09,Focus: Model performance & drift monitoring
296,2,48,56,AI ops dashboards & alerts,2027-04-12,Focus: AI ops dashboards & alerts
297,3,48,56,Insight storytelling & incident playbooks,2027-04-13,Focus: Insight storytelling & incident playbooks
298,4,48,56,Deep work,2027-04-14,Focus: Deep work
299,5,48,56,Deep work,2027-04-15,Focus: Deep work
300,6,48,56,"Integration, reflection, portfolio updates",2027-04-16,"Consolidate notes, update demos, plan next sprint."
301,7,48,56,Rest & recharge,2027-04-19,"No scheduled work. Prioritize health, family, and hobbies."
302,1,49,57,Operations runbook,2027-04-19,Focus: Operations runbook
303,2,49,57,Fulfillment & logistics mapping,2027-04-20,Focus: Fulfillment & logistics mapping
304,3,49,57,Support tooling setup,2027-04-21,Focus: Support tooling setup
305,4,49,57,Deep work,2027-04-22,Focus: Deep work
306,5,49,57,Deep work,2027-04-23,Focus: Deep work
307,6,49,57,"Integration, reflection, portfolio updates",2027-04-26,"Consolidate notes, update demos, plan next sprint."
308,7,49,57,Rest & recharge,2027-04-27,"No scheduled work. Prioritize health, family, and hobbies."
309,1,50,58,Performance budget enforcement,2027-04-27,Focus: Performance budget enforcement
310,2,50,58,Cost modeling,2027-04-28,Focus: Cost modeling
311,3,50,58,Performance tuning sprint,2027-04-29,Focus: Performance tuning sprint
312,4,50,58,Deep work,2027-04-30,Focus: Deep work
313,5,50,58,Deep work,2027-05-03,Focus: Deep work
314,6,50,58,"Integration, reflection, portfolio updates",2027-05-04,"Consolidate notes, update demos, plan next sprint."
315,7,50,58,Rest & recharge,2027-05-05,"No scheduled work. Prioritize health, family, and hobbies."
316,1,51,59,Security audit walkthrough,2027-05-05,Focus: Security audit walkthrough
317,2,51,59,Security audit walkthrough,2027-05-06,"Focus: Security audit walkthrough, Red team exercise"
318,3,51,59,Red team exercise,2027-05-07,"Focus: Red team exercise, Update security training"
319,4,51,59,Update security training,2027-05-10,Focus: Update security training
320,5,51,59,Deep work,2027-05-11,Focus: Deep work
321,6,51,59,"Integration, reflection, portfolio updates",2027-05-12,"Consolidate notes, update demos, plan next sprint."
322,7,51,59,Rest & recharge,2027-05-13,"No scheduled work. Prioritize health, family, and hobbies."
323,1,53,61,Release checklist completion,2027-05-21,Focus: Release checklist completion
324,2,53,61,Documentation freeze,2027-05-24,Focus: Documentation freeze
325,3,53,61,Training & enablement,2027-05-25,Focus: Training & enablement
326,4,53,61,Deep work,2027-05-26,Focus: Deep work
327,5,53,61,Deep work,2027-05-27,Focus: Deep work
328,6,53,61,"Integration, reflection, portfolio updates",2027-05-28,"Consolidate notes, update demos, plan next sprint."
329,7,53,61,Rest & recharge,2027-05-31,"No scheduled work. Prioritize health, family, and hobbies."
330,1,54,62,Game day exercise,2027-05-31,Focus: Game day exercise
331,2,54,62,Incident command training,2027-06-01,Focus: Incident command training
332,3,54,62,Post-launch metrics,2027-06-02,Focus: Post-launch metrics
333,4,54,62,Deep work,2027-06-03,Focus: Deep work
334,5,54,62,Deep work,2027-06-04,Focus: Deep work
335,6,54,62,"Integration, reflection, portfolio updates",2027-06-07,"Consolidate notes, update demos, plan next sprint."
336,7,54,62,Rest & recharge,2027-06-08,"No scheduled work. Prioritize health, family, and hobbies."
337,1,55,63,Portfolio rebuild,2027-06-08,Focus: Portfolio rebuild
338,2,55,63,Highlight reel production,2027-06-09,Focus: Highlight reel production
339,3,55,63,Reference packet,2027-06-10,Focus: Reference packet
340,4,55,63,Deep work,2027-06-11,Focus: Deep work
341,5,55,63,Deep work,2027-06-14,Focus: Deep work
342,6,55,63,"Integration, reflection, portfolio updates",2027-06-15,"Consolidate notes, update demos, plan next sprint."
343,7,55,63,Rest & recharge,2027-06-16,"No scheduled work. Prioritize health, family, and hobbies."
344,1,56,64,Systems design interview prep,2027-06-16,Focus: Systems design interview prep
345,2,56,64,Firmware coding kata,2027-06-17,Focus: Firmware coding kata
346,3,56,64,Behavioral interview stories,2027-06-18,Focus: Behavioral interview stories
347,4,56,64,Deep work,2027-06-21,Focus: Deep work
348,5,56,64,Deep work,2027-06-22,Focus: Deep work
349,6,56,64,"Integration, reflection, portfolio updates",2027-06-23,"Consolidate notes, update demos, plan next sprint."
350,7,56,64,Rest & recharge,2027-06-24,"No scheduled work. Prioritize health, family, and hobbies."
351,1,57,65,Open-source contribution sprint,2027-06-24,Focus: Open-source contribution sprint
352,2,57,65,Community talk or blog,2027-06-25,Focus: Community talk or blog
353,3,57,65,Mentorship & outreach,2027-06-28,Focus: Mentorship & outreach
354,4,57,65,Deep work,2027-06-29,Focus: Deep work
355,5,57,65,Deep work,2027-06-30,Focus: Deep work
356,6,57,65,"Integration, reflection, portfolio updates",2027-07-01,"Consolidate notes, update demos, plan next sprint."
357,7,57,65,Rest & recharge,2027-07-02,"No scheduled work. Prioritize health, family, and hobbies."
358,1,58,66,Capstone polish sprint,2027-07-02,Focus: Capstone polish sprint
359,2,58,66,Final live demo rehearsal,2027-07-05,Focus: Final live demo rehearsal
360,3,58,66,Celebration & gratitude,2027-07-06,Focus: Celebration & gratitude
361,4,58,66,Deep work,2027-07-07,Focus: Deep work
362,5,58,66,Deep work,2027-07-08,Focus: Deep work
363,6,58,66,"Integration, reflection, portfolio updates",2027-07-09,"Consolidate notes, update demos, plan next sprint."
364,7,58,66,Rest & recharge,2027-07-12,"No scheduled work. Prioritize health, family, and hobbies."
365,1,59,67,Launch retrospective,2027-07-12,"Focus: Launch retrospective, Career outreach campaign"
366,2,59,67,Career outreach campaign,2027-07-13,"Focus: Career outreach campaign, Roadmap transition plan"
367,3,59,67,Roadmap transition plan,2027-07-14,Focus: Roadmap transition plan
368,4,59,67,Deep work,2027-07-15,Focus: Deep work
369,5,59,67,Deep work,2027-07-16,Focus: Deep work
370,6,59,67,"Integration, reflection, portfolio updates",2027-07-19,"Consolidate notes, update demos, plan next sprint."
371,7,59,67,Rest & recharge,2027-07-20,"No scheduled work. Prioritize health, family, and hobbies."
372,1,60,0,"C Programming – Variables, loops, functions",2026-01-02,
373,2,60,0,C Programming – Pointers and memory,2026-01-05,
374,3,60,0,"Electronics 101 – Voltage, current, Ohm's law",2026-01-06,
375,4,60,0,"Electronics 101 – Components (resistors, capacitors, LEDs)",2026-01-07,
376,5,60,0,"Linux Terminal – Navigation, file operations",2026-01-08,
377,6,60,0,"Linux Terminal – GCC compilation, Makefiles",2026-01-09,
378,7,60,0,"Number Systems – Binary, hexadecimal, 2's complement",2026-01-12,
379,1,61,?,AUTOSAR architecture overview,2025-10-01,
380,2,61,?,Basic Software (BSW) layers,2025-10-02,
381,3,61,?,Application Software Components (SWC),2025-10-03,
382,4,61,?,Runtime Environment (RTE),2025-10-04,
383,5,61,?,AUTOSAR Configurator tools,2025-10-05,
384,6,61,?,Classic vs Adaptive AUTOSAR,2025-10-06,
385,7,61,?,AUTOSAR hands-on with EB Tresos demo,2025-10-07,
386,1,62,36,"USB Physics (D+/D-, NRZI)",2026-10-23,
387,2,62,36,"USB Descriptors (Device, Config, Interface)",2026-10-26,
388,3,62,36,Enumeration Process,2026-10-27,
389,4,62,36,CDC (Serial) Class Implementation,2026-10-28,
390,5,62,36,HID (Keyboard/Mouse) Class,2026-10-29,
391,6,62,36,USB Debugging with Wireshark/Logic Analyzer,2026-10-30,
392,7,62,36,Mini-Project: USB Composite Device,2026-11-02,
393,1,63,37,OSI Model & TCP/IP Stack (LwIP),2026-11-02,
394,2,63,37,MAC & PHY Interfaces (MII/RMII),2026-11-03,
395,3,63,37,UDP vs TCP for Embedded,2026-11-04,
396,4,63,37,MQTT Protocol Basics,2026-11-05,
397,5,63,37,CoAP for Constrained Devices,2026-11-06,
398,6,63,37,Secure Sockets (TLS/SSL),2026-11-09,
399,7,63,37,Project: IoT Sensor Node,2026-11-10,
400,1,64,49,Linux Kernel Architecture,2027-02-10,
401,2,64,49,Loadable Kernel Modules (LKM),2027-02-11,
402,3,64,49,Kbuild & Makefiles,2027-02-12,
403,4,64,49,Module Parameters & Exports,2027-02-15,
404,5,64,49,Kernel Symbols & System Map,2027-02-16,
405,6,64,49,Cross-Compilation for ARM,2027-02-17,
406,7,64,49,Hello World Module,2027-02-18,
407,1,66,?,Device Tree Syntax (DTS/DTB),,
408,2,66,?,"Nodes, Properties, & Phandles",,
409,3,66,?,DT Overlays,,
410,4,66,?,Pinctrl & GPIO in DT,,
411,5,66,?,Debugging DT (fdtdump),,
412,6,66,?,Sysfs & Procfs exploration,,
413,7,66,?,Board Bring-up Basics,,
414,1,67,51,Build Systems Overview,2027-02-26,
415,2,67,51,Bitbake & Recipes,2027-03-01,
416,3,67,51,Layers & Meta-data,2027-03-02,
417,4,67,51,Creating Custom Image,2027-03-03,
418,5,67,51,SDK Generation,2027-03-04,
419,6,67,51,Root Filesystem Structure,2027-03-05,
420,7,67,51,Patching Kernel in Yocto,2027-03-08,
421,1,68,52,Char Driver Structure (open/read/write),2027-03-08,
422,2,68,52,Major/Minor Numbers,2027-03-09,
423,3,68,52,File Operations (cdev),2027-03-10,
424,4,68,52,User-Kernel Data Transfer (copy_to_user),2027-03-11,
425,5,68,52,Blocking IO & Wait Queues,2027-03-12,
426,6,68,52,Platform Drivers,2027-03-15,
427,7,68,52,Project: SPI/I2C Linux Driver,2027-03-16,
428,1,69,45,AUTOSAR Architecture Overview,2027-01-07,
429,2,69,45,Basic Software (BSW) Layers,2027-01-08,
430,3,69,45,Application Software Components (SWC),2027-01-11,
431,4,69,45,Runtime Environment (RTE),2027-01-12,
432,5,69,45,AUTOSAR Configurator Tools,2027-01-13,
433,6,69,45,Classic vs Adaptive AUTOSAR,2027-01-14,
434,7,69,45,AUTOSAR Hands-on with EB Tresos Demo,2027-01-15,
435,1,70,7,ARM Instruction Set Architecture (ISA) Overview,,
436,2,70,7,"ARM Registers (R0-R15, CPSR, SPSR)",,
437,3,70,7,ARM Assembly Syntax and Common Instructions,,
438,4,70,7,Inline Assembly in C for Performance,,
439,5,70,7,Reading Disassembly for Debugging,,
440,6,70,7,ARM Thumb Mode and Code Density,,
441,7,70,7,Project: Optimize a Hot Loop in Assembly,,
442,1,71,68,"Digital Logic Refresher (Gates, Flip-Flops)",,
443,2,71,68,Verilog Basics: Modules and Ports,,
444,3,71,68,SystemVerilog: Always Blocks and FSMs,,
445,4,71,68,Testbench Writing for Verification,,
446,5,71,68,Reading RTL to Understand HW Behavior,,
447,6,71,68,AXI/AHB Bus Protocols Overview,,
448,7,71,68,Project: Simulate SPI Controller in Verilator,,
449,1,72,69,Rust Ownership and Borrowing Basics,,
450,2,72,69,no_std Rust for Bare-Metal,,
451,3,72,69,embedded-hal and PAC Crates,,
452,4,72,69,Rust on STM32 with probe-rs,,
453,5,72,69,Error Handling with Result<> in Embedded,,
454,6,72,69,Memory Safety Benefits for Embedded,,
455,7,72,69,Project: Blink LED + UART in Rust,,
456,1,73,70,Fixed-Point Arithmetic (Q15/Q31 formats),,
457,2,73,70,"Implementing a Q15 Math Library (multiply, divide, sqrt)",,
458,3,73,70,Digital Filters: Moving Average and IIR/FIR basics,,
459,4,73,70,FFT Implementation on MCU (CMSIS-DSP),,
460,5,73,70,PID Controller Theory and Implementation,,
461,6,73,70,Lock-Free Circular Buffer (Ring Buffer) in C,,
462,7,73,70,Project: Audio Processing Pipeline on STM32,,
